Filename,Active Hours
175882_2022-10.json,102.69
175882_2022-11.json,128.62
175882_2022-12.json,115.89
175882_2023-01.json,103.09
175882_2023-02.json,159.56
175882_2023-03.json,175.25
175882_2023-04.json,202.82
175882_2023-05.json,277.31
175882_2023-06.json,205.51
175882_2023-07.json,78.25
175882_2023-08.json,91.19
175882_2023-09.json,202.28
175882_2023-10.json,202.46
175882_2023-11.json,249.35
175882_2023-12.json,106.61
175882_2024-01.json,132.21
175882_2024-02.json,123.07
175882_2024-03.json,104.13
175882_2024-04.json,156.68
175882_2024-05.json,153.17
175882_2024-06.json,151.13
175882_2024-07.json,50.87
175882_2024-08.json,104.93
175882_2024-09.json,173.84
175882_2024-10.json,91.66
175882_2024-11.json,130.84
175882_2024-12.json,101.19
175882_2025-01.json,147.07
175882_2025-02.json,188.85
175882_2025-03.json,175.25
175882_2025-04.json,159.68
175882_2025-05.json,113.0
176099_2022-10.json,137.68
176099_2022-11.json,151.12
176099_2022-12.json,181.81
176099_2023-01.json,143.65
176099_2023-02.json,153.03
176099_2023-03.json,139.73
176099_2023-04.json,163.61
176099_2023-05.json,172.35
176099_2023-06.json,194.01
176099_2023-07.json,26.47
176099_2023-08.json,170.83
176099_2023-09.json,187.72
176099_2023-10.json,194.27
176099_2023-11.json,227.6
176099_2023-12.json,176.02
176099_2024-01.json,169.91
176099_2024-02.json,143.5
176099_2024-03.json,141.62
176099_2024-04.json,198.19
176099_2024-05.json,194.85
176099_2024-06.json,183.09
176099_2024-07.json,70.23
176099_2024-08.json,130.33
176099_2024-09.json,192.2
176099_2024-10.json,210.31
176099_2024-11.json,193.25
176099_2024-12.json,170.94
176099_2025-01.json,211.98
176099_2025-02.json,171.96
176099_2025-03.json,167.27
176099_2025-04.json,208.79
176099_2025-05.json,148.29
176108_2022-10.json,124.3
176108_2022-11.json,153.15
176108_2022-12.json,114.96
176108_2023-01.json,145.18
176108_2023-02.json,135.25
176108_2023-03.json,155.78
176108_2023-04.json,147.88
176108_2023-05.json,253.73
176108_2023-06.json,254.11
176108_2023-07.json,104.36
176108_2023-08.json,129.16
176108_2023-09.json,171.8
176108_2023-10.json,190.35
176108_2023-11.json,216.98
176108_2023-12.json,118.32
176108_2024-01.json,191.01
176108_2024-02.json,139.01
176108_2024-03.json,169.25
176108_2024-04.json,180.11
176108_2024-05.json,270.45
176108_2024-06.json,310.29
176108_2024-07.json,72.17
176108_2024-08.json,188.31
176108_2024-09.json,182.49
176108_2024-10.json,195.33
176108_2024-11.json,236.91
176108_2024-12.json,184.46
176108_2025-01.json,170.59
176108_2025-02.json,205.72
176108_2025-03.json,202.06
176108_2025-04.json,172.52
176108_2025-05.json,129.7
176117_2022-10.json,39.77
176117_2022-11.json,44.67
176117_2022-12.json,58.7
176117_2023-01.json,60.16
176117_2023-02.json,67.44
176117_2023-03.json,66.64
176117_2023-04.json,74.28
176117_2023-05.json,50.41
176117_2023-06.json,30.23
176117_2023-07.json,7.96
176117_2023-08.json,14.4
176117_2023-09.json,41.15
176117_2023-10.json,60.31
176117_2023-11.json,74.29
176117_2023-12.json,32.85
176117_2024-01.json,28.66
176117_2024-02.json,32.43
176117_2024-03.json,0.0
176117_2024-04.json,0.0
176117_2024-05.json,0.0
176117_2024-06.json,0.0
176117_2024-07.json,0.0
176117_2024-08.json,0.0
176117_2024-09.json,0.0
176117_2024-10.json,0.0
176117_2024-11.json,0.0
176117_2024-12.json,0.0
176117_2025-01.json,0.0
176117_2025-02.json,0.0
176117_2025-03.json,0.0
176117_2025-04.json,0.0
176117_2025-05.json,0.0
176126_2022-10.json,115.63
176126_2022-11.json,215.34
176126_2022-12.json,126.1
176126_2023-01.json,171.25
176126_2023-02.json,175.1
176126_2023-03.json,213.81
176126_2023-04.json,160.65
176126_2023-05.json,175.76
176126_2023-06.json,233.72
176126_2023-07.json,72.47
176126_2023-08.json,189.83
176126_2023-09.json,186.75
176126_2023-10.json,196.18
176126_2023-11.json,190.32
176126_2023-12.json,129.73
176126_2024-01.json,166.47
176126_2024-02.json,151.95
176126_2024-03.json,118.05
176126_2024-04.json,168.33
176126_2024-05.json,181.83
176126_2024-06.json,190.0
176126_2024-07.json,48.88
176126_2024-08.json,138.03
176126_2024-09.json,162.16
176126_2024-10.json,147.62
176126_2024-11.json,138.21
176126_2024-12.json,131.69
176126_2025-01.json,160.18
176126_2025-02.json,145.87
176126_2025-03.json,152.22
176126_2025-04.json,130.08
176126_2025-05.json,103.79
176135_2022-10.json,380.86
176135_2022-11.json,596.94
176135_2022-12.json,611.43
176135_2023-01.json,593.42
176135_2023-02.json,533.81
176135_2023-03.json,595.18
176135_2023-04.json,573.69
176135_2023-05.json,584.64
176135_2023-06.json,560.45
176135_2023-07.json,432.02
176135_2023-08.json,479.7
176135_2023-09.json,495.38
176135_2023-10.json,519.48
176135_2023-11.json,504.55
176135_2023-12.json,522.03
176135_2024-01.json,496.89
176135_2024-02.json,423.31
176135_2024-03.json,404.39
176135_2024-04.json,405.27
176135_2024-05.json,397.78
176135_2024-06.json,406.38
176135_2024-07.json,419.91
176135_2024-08.json,419.69
176135_2024-09.json,423.37
176135_2024-10.json,451.11
176135_2024-11.json,447.5
176135_2024-12.json,460.76
176135_2025-01.json,483.25
176135_2025-02.json,429.36
176135_2025-03.json,456.71
176135_2025-04.json,471.89
176135_2025-05.json,310.44
176144_2022-10.json,106.26
176144_2022-11.json,179.25
176144_2022-12.json,130.98
176144_2023-01.json,171.28
176144_2023-02.json,135.14
176144_2023-03.json,162.91
176144_2023-04.json,158.97
176144_2023-05.json,148.0
176144_2023-06.json,168.19
176144_2023-07.json,53.3
176144_2023-08.json,111.48
176144_2023-09.json,134.79
176144_2023-10.json,176.09
176144_2023-11.json,169.51
176144_2023-12.json,118.58
176144_2024-01.json,133.95
176144_2024-02.json,111.72
176144_2024-03.json,107.76
176144_2024-04.json,147.72
176144_2024-05.json,123.57
176144_2024-06.json,122.47
176144_2024-07.json,62.73
176144_2024-08.json,132.62
176144_2024-09.json,133.22
176144_2024-10.json,122.69
176144_2024-11.json,139.17
176144_2024-12.json,100.67
176144_2025-01.json,131.66
176144_2025-02.json,79.36
176144_2025-03.json,120.64
176144_2025-04.json,109.31
176144_2025-05.json,73.08
176180_2022-10.json,198.33
176180_2022-11.json,264.57
176180_2022-12.json,242.3
176180_2023-01.json,281.14
176180_2023-02.json,270.14
176180_2023-03.json,288.94
176180_2023-04.json,271.04
176180_2023-05.json,346.17
176180_2023-06.json,313.01
176180_2023-07.json,128.57
176180_2023-08.json,251.47
176180_2023-09.json,263.96
176180_2023-10.json,279.5
176180_2023-11.json,297.64
176180_2023-12.json,226.49
176180_2024-01.json,293.55
176180_2024-02.json,268.33
176180_2024-03.json,264.26
176180_2024-04.json,306.89
176180_2024-05.json,328.24
176180_2024-06.json,338.65
176180_2024-07.json,152.38
176180_2024-08.json,249.67
176180_2024-09.json,288.78
176180_2024-10.json,314.47
176180_2024-11.json,323.81
176180_2024-12.json,266.89
176180_2025-01.json,314.01
176180_2025-02.json,315.49
176180_2025-03.json,303.54
176180_2025-04.json,279.01
176180_2025-05.json,186.64
176189_2022-10.json,162.67
176189_2022-11.json,225.25
176189_2022-12.json,183.84
176189_2023-01.json,228.1
176189_2023-02.json,208.67
176189_2023-03.json,231.48
176189_2023-04.json,172.73
176189_2023-05.json,215.56
176189_2023-06.json,232.51
176189_2023-07.json,95.33
176189_2023-08.json,225.87
176189_2023-09.json,210.16
176189_2023-10.json,218.16
176189_2023-11.json,243.68
176189_2023-12.json,172.16
176189_2024-01.json,219.13
176189_2024-02.json,216.0
176189_2024-03.json,188.49
176189_2024-04.json,230.44
176189_2024-05.json,217.55
176189_2024-06.json,223.67
176189_2024-07.json,117.92
176189_2024-08.json,221.09
176189_2024-09.json,217.87
176189_2024-10.json,211.18
176189_2024-11.json,224.41
176189_2024-12.json,177.14
176189_2025-01.json,227.52
176189_2025-02.json,212.45
176189_2025-03.json,234.28
176189_2025-04.json,177.93
176189_2025-05.json,145.6
176198_2022-10.json,64.46
176198_2022-11.json,114.06
176198_2022-12.json,92.72
176198_2023-01.json,124.85
176198_2023-02.json,116.88
176198_2023-03.json,145.26
176198_2023-04.json,116.04
176198_2023-05.json,137.03
176198_2023-06.json,118.47
176198_2023-07.json,41.63
176198_2023-08.json,92.92
176198_2023-09.json,115.47
176198_2023-10.json,110.01
176198_2023-11.json,136.18
176198_2023-12.json,98.11
176198_2024-01.json,123.9
176198_2024-02.json,109.22
176198_2024-03.json,100.15
176198_2024-04.json,124.01
176198_2024-05.json,114.88
176198_2024-06.json,94.14
176198_2024-07.json,31.91
176198_2024-08.json,97.2
176198_2024-09.json,90.03
176198_2024-10.json,98.47
176198_2024-11.json,100.5
176198_2024-12.json,70.1
176198_2025-01.json,111.4
176198_2025-02.json,89.9
176198_2025-03.json,135.74
176198_2025-04.json,105.95
176198_2025-05.json,90.62
176207_2022-10.json,76.38
176207_2022-11.json,143.46
176207_2022-12.json,125.83
176207_2023-01.json,136.27
176207_2023-02.json,108.13
176207_2023-03.json,185.24
176207_2023-04.json,139.85
176207_2023-05.json,141.05
176207_2023-06.json,165.55
176207_2023-07.json,58.93
176207_2023-08.json,162.91
176207_2023-09.json,171.71
176207_2023-10.json,162.94
176207_2023-11.json,194.63
176207_2023-12.json,132.6
176207_2024-01.json,182.15
176207_2024-02.json,164.93
176207_2024-03.json,99.68
176207_2024-04.json,144.62
176207_2024-05.json,139.46
176207_2024-06.json,108.0
176207_2024-07.json,33.08
176207_2024-08.json,114.99
176207_2024-09.json,139.01
176207_2024-10.json,124.37
176207_2024-11.json,106.61
176207_2024-12.json,75.21
176207_2025-01.json,128.59
176207_2025-02.json,100.96
176207_2025-03.json,143.71
176207_2025-04.json,96.89
176207_2025-05.json,71.27
176216_2022-10.json,169.55
176216_2022-11.json,261.45
176216_2022-12.json,199.45
176216_2023-01.json,268.58
176216_2023-02.json,294.07
176216_2023-03.json,302.9
176216_2023-04.json,255.68
176216_2023-05.json,304.53
176216_2023-06.json,390.08
176216_2023-07.json,141.95
176216_2023-08.json,244.34
176216_2023-09.json,270.77
176216_2023-10.json,296.6
176216_2023-11.json,254.37
176216_2023-12.json,222.71
176216_2024-01.json,177.0
176216_2024-02.json,140.85
176216_2024-03.json,142.51
176216_2024-04.json,153.48
176216_2024-05.json,149.31
176216_2024-06.json,173.29
176216_2024-07.json,68.28
176216_2024-08.json,187.49
176216_2024-09.json,125.9
176216_2024-10.json,119.98
176216_2024-11.json,113.37
176216_2024-12.json,92.03
176216_2025-01.json,130.43
176216_2025-02.json,109.53
176216_2025-03.json,146.4
176216_2025-04.json,125.71
176216_2025-05.json,65.32
176225_2022-10.json,164.46
176225_2022-11.json,236.74
176225_2022-12.json,174.8
176225_2023-01.json,262.63
176225_2023-02.json,298.92
176225_2023-03.json,275.61
176225_2023-04.json,170.38
176225_2023-05.json,227.84
176225_2023-06.json,235.73
176225_2023-07.json,94.04
176225_2023-08.json,192.63
176225_2023-09.json,215.03
176225_2023-10.json,213.74
176225_2023-11.json,211.85
176225_2023-12.json,150.4
176225_2024-01.json,189.6
176225_2024-02.json,212.67
176225_2024-03.json,228.53
176225_2024-04.json,274.89
176225_2024-05.json,419.05
176225_2024-06.json,268.74
176225_2024-07.json,233.08
176225_2024-08.json,228.4
176225_2024-09.json,227.23
176225_2024-10.json,213.96
176225_2024-11.json,212.22
176225_2024-12.json,156.74
176225_2025-01.json,210.03
176225_2025-02.json,330.11
176225_2025-03.json,326.39
176225_2025-04.json,322.34
176225_2025-05.json,219.47
176234_2022-10.json,119.12
176234_2022-11.json,133.97
176234_2022-12.json,103.39
176234_2023-01.json,153.27
176234_2023-02.json,145.64
176234_2023-03.json,176.11
176234_2023-04.json,124.81
176234_2023-05.json,150.4
176234_2023-06.json,137.31
176234_2023-07.json,22.95
176234_2023-08.json,115.09
176234_2023-09.json,121.04
176234_2023-10.json,122.9
176234_2023-11.json,155.47
176234_2023-12.json,98.96
176234_2024-01.json,124.44
176234_2024-02.json,136.76
176234_2024-03.json,94.91
176234_2024-04.json,181.87
176234_2024-05.json,115.9
176234_2024-06.json,124.39
176234_2024-07.json,45.06
176234_2024-08.json,88.62
176234_2024-09.json,139.11
176234_2024-10.json,151.08
176234_2024-11.json,152.14
176234_2024-12.json,114.09
176234_2025-01.json,140.96
176234_2025-02.json,145.53
176234_2025-03.json,246.77
176234_2025-04.json,130.29
176234_2025-05.json,92.4
176243_2022-10.json,162.55
176243_2022-11.json,231.19
176243_2022-12.json,172.05
176243_2023-01.json,234.57
176243_2023-02.json,209.11
176243_2023-03.json,248.27
176243_2023-04.json,183.83
176243_2023-05.json,231.41
176243_2023-06.json,231.99
176243_2023-07.json,136.76
176243_2023-08.json,213.6
176243_2023-09.json,205.54
176243_2023-10.json,208.07
176243_2023-11.json,229.15
176243_2023-12.json,165.47
176243_2024-01.json,208.97
176243_2024-02.json,213.07
176243_2024-03.json,196.84
176243_2024-04.json,249.88
176243_2024-05.json,251.5
176243_2024-06.json,245.11
176243_2024-07.json,145.28
176243_2024-08.json,235.51
176243_2024-09.json,235.86
176243_2024-10.json,226.56
176243_2024-11.json,240.16
176243_2024-12.json,197.9
176243_2025-01.json,236.75
176243_2025-02.json,215.79
176243_2025-03.json,241.78
176243_2025-04.json,239.61
176243_2025-05.json,174.57
176252_2022-10.json,59.44
176252_2022-11.json,91.9
176252_2022-12.json,64.46
176252_2023-01.json,68.92
176252_2023-02.json,62.99
176252_2023-03.json,78.83
176252_2023-04.json,51.5
176252_2023-05.json,52.54
176252_2023-06.json,57.68
176252_2023-07.json,38.48
176252_2023-08.json,55.27
176252_2023-09.json,51.56
176252_2023-10.json,84.49
176252_2023-11.json,67.47
176252_2023-12.json,33.2
176252_2024-01.json,51.04
176252_2024-02.json,64.91
176252_2024-03.json,55.51
176252_2024-04.json,66.27
176252_2024-05.json,65.96
176252_2024-06.json,59.23
176252_2024-07.json,18.63
176252_2024-08.json,72.62
176252_2024-09.json,81.09
176252_2024-10.json,68.09
176252_2024-11.json,73.49
176252_2024-12.json,69.36
176252_2025-01.json,67.41
176252_2025-02.json,71.95
176252_2025-03.json,84.21
176252_2025-04.json,129.73
176252_2025-05.json,51.02
176261_2022-10.json,54.69
176261_2022-11.json,138.61
176261_2022-12.json,61.63
176261_2023-01.json,116.34
176261_2023-02.json,104.83
176261_2023-03.json,134.53
176261_2023-04.json,85.06
176261_2023-05.json,104.85
176261_2023-06.json,75.04
176261_2023-07.json,18.84
176261_2023-08.json,68.14
176261_2023-09.json,98.02
176261_2023-10.json,69.86
176261_2023-11.json,94.26
176261_2023-12.json,58.01
176261_2024-01.json,89.53
176261_2024-02.json,99.83
176261_2024-03.json,55.87
176261_2024-04.json,100.22
176261_2024-05.json,90.4
176261_2024-06.json,72.07
176261_2024-07.json,19.93
176261_2024-08.json,64.49
176261_2024-09.json,93.31
176261_2024-10.json,71.37
176261_2024-11.json,84.44
176261_2024-12.json,66.1
176261_2025-01.json,77.52
176261_2025-02.json,55.4
176261_2025-03.json,87.06
176261_2025-04.json,63.68
176261_2025-05.json,40.56
176270_2022-10.json,87.24
176270_2022-11.json,171.3
176270_2022-12.json,119.08
176270_2023-01.json,170.0
176270_2023-02.json,155.64
176270_2023-03.json,170.04
176270_2023-04.json,138.74
176270_2023-05.json,179.14
176270_2023-06.json,185.94
176270_2023-07.json,63.17
176270_2023-08.json,129.56
176270_2023-09.json,157.09
176270_2023-10.json,134.34
176270_2023-11.json,142.97
176270_2023-12.json,118.31
176270_2024-01.json,123.27
176270_2024-02.json,143.33
176270_2024-03.json,121.51
176270_2024-04.json,157.88
176270_2024-05.json,167.39
176270_2024-06.json,143.32
176270_2024-07.json,66.06
176270_2024-08.json,147.36
176270_2024-09.json,163.3
176270_2024-10.json,144.14
176270_2024-11.json,152.29
176270_2024-12.json,115.63
176270_2025-01.json,157.87
176270_2025-02.json,134.5
176270_2025-03.json,167.42
176270_2025-04.json,122.61
176270_2025-05.json,101.97
176279_2022-10.json,68.94
176279_2022-11.json,109.51
176279_2022-12.json,122.86
176279_2023-01.json,121.93
176279_2023-02.json,119.58
176279_2023-03.json,112.35
176279_2023-04.json,130.72
176279_2023-05.json,181.2
176279_2023-06.json,97.66
176279_2023-07.json,71.59
176279_2023-08.json,144.62
176279_2023-09.json,179.0
176279_2023-10.json,183.15
176279_2023-11.json,213.83
176279_2023-12.json,105.41
176279_2024-01.json,167.57
176279_2024-02.json,198.52
176279_2024-03.json,144.19
176279_2024-04.json,248.28
176279_2024-05.json,205.44
176279_2024-06.json,211.14
176279_2024-07.json,135.57
176279_2024-08.json,200.63
176279_2024-09.json,178.42
176279_2024-10.json,189.23
176279_2024-11.json,174.73
176279_2024-12.json,118.63
176279_2025-01.json,170.99
176279_2025-02.json,155.91
176279_2025-03.json,169.48
176279_2025-04.json,167.06
176279_2025-05.json,126.81
176288_2022-10.json,186.46
176288_2022-11.json,257.89
176288_2022-12.json,174.82
176288_2023-01.json,268.08
176288_2023-02.json,270.36
176288_2023-03.json,266.62
176288_2023-04.json,216.17
176288_2023-05.json,298.63
176288_2023-06.json,269.85
176288_2023-07.json,128.3
176288_2023-08.json,222.09
176288_2023-09.json,265.65
176288_2023-10.json,275.93
176288_2023-11.json,294.05
176288_2023-12.json,225.06
176288_2024-01.json,301.11
176288_2024-02.json,309.17
176288_2024-03.json,404.84
176288_2024-04.json,325.93
176288_2024-05.json,377.48
176288_2024-06.json,388.58
176288_2024-07.json,213.06
176288_2024-08.json,387.43
176288_2024-09.json,268.96
176288_2024-10.json,285.46
176288_2024-11.json,264.98
176288_2024-12.json,180.08
176288_2025-01.json,224.8
176288_2025-02.json,238.43
176288_2025-03.json,244.54
176288_2025-04.json,239.88
176288_2025-05.json,150.73
176297_2022-10.json,96.61
176297_2022-11.json,156.85
176297_2022-12.json,90.85
176297_2023-01.json,130.64
176297_2023-02.json,120.24
176297_2023-03.json,157.74
176297_2023-04.json,110.4
176297_2023-05.json,177.65
176297_2023-06.json,152.82
176297_2023-07.json,50.08
176297_2023-08.json,121.89
176297_2023-09.json,131.52
176297_2023-10.json,147.9
176297_2023-11.json,168.19
176297_2023-12.json,101.45
176297_2024-01.json,123.31
176297_2024-02.json,119.23
176297_2024-03.json,147.44
176297_2024-04.json,168.89
176297_2024-05.json,173.15
176297_2024-06.json,146.13
176297_2024-07.json,53.4
176297_2024-08.json,136.7
176297_2024-09.json,145.54
176297_2024-10.json,160.61
176297_2024-11.json,127.52
176297_2024-12.json,105.22
176297_2025-01.json,127.27
176297_2025-02.json,135.28
176297_2025-03.json,131.9
176297_2025-04.json,112.94
176297_2025-05.json,82.8
176306_2022-10.json,115.95
176306_2022-11.json,189.89
176306_2022-12.json,134.51
176306_2023-01.json,202.24
176306_2023-02.json,192.07
176306_2023-03.json,180.84
176306_2023-04.json,129.79
176306_2023-05.json,162.42
176306_2023-06.json,165.98
176306_2023-07.json,69.73
176306_2023-08.json,156.11
176306_2023-09.json,129.56
176306_2023-10.json,124.27
176306_2023-11.json,119.6
176306_2023-12.json,96.25
176306_2024-01.json,108.0
176306_2024-02.json,109.51
176306_2024-03.json,115.53
176306_2024-04.json,117.57
176306_2024-05.json,81.0
176306_2024-06.json,98.44
176306_2024-07.json,61.99
176306_2024-08.json,95.08
176306_2024-09.json,101.9
176306_2024-10.json,135.06
176306_2024-11.json,144.01
176306_2024-12.json,71.1
176306_2025-01.json,132.04
176306_2025-02.json,110.48
176306_2025-03.json,141.28
176306_2025-04.json,82.11
176306_2025-05.json,78.19
176315_2022-10.json,187.19
176315_2022-11.json,260.14
176315_2022-12.json,205.54
176315_2023-01.json,262.25
176315_2023-02.json,317.55
176315_2023-03.json,316.46
176315_2023-04.json,277.14
176315_2023-05.json,328.64
176315_2023-06.json,283.92
176315_2023-07.json,176.79
176315_2023-08.json,232.15
176315_2023-09.json,245.73
176315_2023-10.json,285.0
176315_2023-11.json,289.22
176315_2023-12.json,192.12
176315_2024-01.json,220.09
176315_2024-02.json,165.45
176315_2024-03.json,143.33
176315_2024-04.json,194.91
176315_2024-05.json,147.92
176315_2024-06.json,127.82
176315_2024-07.json,87.32
176315_2024-08.json,117.17
176315_2024-09.json,149.28
176315_2024-10.json,170.59
176315_2024-11.json,163.46
176315_2024-12.json,130.39
176315_2025-01.json,161.3
176315_2025-02.json,155.98
176315_2025-03.json,167.18
176315_2025-04.json,106.81
176315_2025-05.json,100.13
176324_2022-10.json,111.25
176324_2022-11.json,199.66
176324_2022-12.json,110.35
176324_2023-01.json,177.86
176324_2023-02.json,143.99
176324_2023-03.json,127.15
176324_2023-04.json,98.83
176324_2023-05.json,128.25
176324_2023-06.json,95.1
176324_2023-07.json,42.84
176324_2023-08.json,121.98
176324_2023-09.json,109.18
176324_2023-10.json,82.92
176324_2023-11.json,113.74
176324_2023-12.json,72.39
176324_2024-01.json,97.95
176324_2024-02.json,98.14
176324_2024-03.json,71.03
176324_2024-04.json,142.01
176324_2024-05.json,138.33
176324_2024-06.json,123.34
176324_2024-07.json,59.39
176324_2024-08.json,132.65
176324_2024-09.json,115.54
176324_2024-10.json,121.08
176324_2024-11.json,138.26
176324_2024-12.json,126.05
176324_2025-01.json,127.31
176324_2025-02.json,131.46
176324_2025-03.json,157.84
176324_2025-04.json,132.88
176324_2025-05.json,74.03
176333_2022-10.json,134.15
176333_2022-11.json,299.68
176333_2022-12.json,177.57
176333_2023-01.json,233.1
176333_2023-02.json,250.42
176333_2023-03.json,264.1
176333_2023-04.json,184.68
176333_2023-05.json,310.83
176333_2023-06.json,240.6
176333_2023-07.json,164.83
176333_2023-08.json,282.89
176333_2023-09.json,203.4
176333_2023-10.json,238.57
176333_2023-11.json,224.18
176333_2023-12.json,163.89
176333_2024-01.json,225.44
176333_2024-02.json,164.77
176333_2024-03.json,123.37
176333_2024-04.json,185.14
176333_2024-05.json,149.64
176333_2024-06.json,156.48
176333_2024-07.json,83.22
176333_2024-08.json,185.79
176333_2024-09.json,164.97
176333_2024-10.json,137.73
176333_2024-11.json,147.25
176333_2024-12.json,127.42
176333_2025-01.json,156.5
176333_2025-02.json,144.82
176333_2025-03.json,161.2
176333_2025-04.json,99.35
176333_2025-05.json,90.95
176342_2022-10.json,180.35
176342_2022-11.json,258.89
176342_2022-12.json,198.52
176342_2023-01.json,280.92
176342_2023-02.json,270.98
176342_2023-03.json,281.14
176342_2023-04.json,218.42
176342_2023-05.json,286.08
176342_2023-06.json,263.7
176342_2023-07.json,137.6
176342_2023-08.json,217.78
176342_2023-09.json,218.59
176342_2023-10.json,238.28
176342_2023-11.json,263.27
176342_2023-12.json,196.55
176342_2024-01.json,230.09
176342_2024-02.json,231.25
176342_2024-03.json,257.09
176342_2024-04.json,262.09
176342_2024-05.json,294.24
176342_2024-06.json,283.96
176342_2024-07.json,167.22
176342_2024-08.json,269.06
176342_2024-09.json,222.64
176342_2024-10.json,250.65
176342_2024-11.json,224.77
176342_2024-12.json,177.39
176342_2025-01.json,222.93
176342_2025-02.json,209.2
176342_2025-03.json,222.63
176342_2025-04.json,216.01
176342_2025-05.json,146.06
176351_2022-10.json,139.01
176351_2022-11.json,160.4
176351_2022-12.json,93.76
176351_2023-01.json,180.04
176351_2023-02.json,106.27
176351_2023-03.json,106.67
176351_2023-04.json,117.36
176351_2023-05.json,145.11
176351_2023-06.json,153.88
176351_2023-07.json,176.05
176351_2023-08.json,197.65
176351_2023-09.json,142.1
176351_2023-10.json,198.02
176351_2023-11.json,200.82
176351_2023-12.json,158.87
176351_2024-01.json,187.11
176351_2024-02.json,198.88
176351_2024-03.json,186.91
176351_2024-04.json,219.67
176351_2024-05.json,200.97
176351_2024-06.json,179.95
176351_2024-07.json,205.04
176351_2024-08.json,194.66
176351_2024-09.json,177.94
176351_2024-10.json,87.21
176351_2024-11.json,47.37
176351_2024-12.json,151.0
176351_2025-01.json,200.22
176351_2025-02.json,208.34
176351_2025-03.json,226.03
176351_2025-04.json,245.79
176351_2025-05.json,213.26
176360_2022-10.json,145.13
176360_2022-11.json,259.42
176360_2022-12.json,232.98
176360_2023-01.json,217.1
176360_2023-02.json,197.95
176360_2023-03.json,274.13
176360_2023-04.json,240.65
176360_2023-05.json,208.29
176360_2023-06.json,160.18
176360_2023-07.json,94.43
176360_2023-08.json,168.88
176360_2023-09.json,166.86
176360_2023-10.json,157.26
176360_2023-11.json,184.38
176360_2023-12.json,133.24
176360_2024-01.json,172.62
176360_2024-02.json,159.11
176360_2024-03.json,148.76
176360_2024-04.json,168.09
176360_2024-05.json,71.09
176360_2024-06.json,103.49
176360_2024-07.json,68.45
176360_2024-08.json,115.56
176360_2024-09.json,163.14
176360_2024-10.json,185.56
176360_2024-11.json,182.66
176360_2024-12.json,163.58
176360_2025-01.json,195.54
176360_2025-02.json,135.56
176360_2025-03.json,169.17
176360_2025-04.json,117.27
176360_2025-05.json,85.06
176558_2022-10.json,215.84
176558_2022-11.json,320.59
176558_2022-12.json,280.89
176558_2023-01.json,345.34
176558_2023-02.json,411.06
176558_2023-03.json,390.13
176558_2023-04.json,521.53
176558_2023-05.json,406.34
176558_2023-06.json,312.57
176558_2023-07.json,179.65
176558_2023-08.json,199.06
176558_2023-09.json,222.1
176558_2023-10.json,231.16
176558_2023-11.json,223.95
176558_2023-12.json,208.91
176558_2024-01.json,242.09
176558_2024-02.json,207.1
176558_2024-03.json,161.6
176558_2024-04.json,163.73
176558_2024-05.json,129.17
176558_2024-06.json,166.54
176558_2024-07.json,148.45
176558_2024-08.json,178.4
176558_2024-09.json,172.25
176558_2024-10.json,147.77
176558_2024-11.json,173.9
176558_2024-12.json,175.52
176558_2025-01.json,239.45
176558_2025-02.json,253.57
176558_2025-03.json,287.78
176558_2025-04.json,229.74
176558_2025-05.json,169.59
176567_2022-10.json,176.76
176567_2022-11.json,254.26
176567_2022-12.json,212.8
176567_2023-01.json,266.13
176567_2023-02.json,197.42
176567_2023-03.json,188.08
176567_2023-04.json,103.99
176567_2023-05.json,249.42
176567_2023-06.json,197.06
176567_2023-07.json,71.27
176567_2023-08.json,94.51
176567_2023-09.json,149.7
176567_2023-10.json,204.37
176567_2023-11.json,225.4
176567_2023-12.json,195.04
176567_2024-01.json,209.42
176567_2024-02.json,148.1
176567_2024-03.json,132.27
176567_2024-04.json,136.69
176567_2024-05.json,98.58
176567_2024-06.json,72.74
176567_2024-07.json,51.38
176567_2024-08.json,104.9
176567_2024-09.json,85.36
176567_2024-10.json,76.56
176567_2024-11.json,132.2
176567_2024-12.json,105.62
176567_2025-01.json,201.99
176567_2025-02.json,228.63
176567_2025-03.json,269.05
176567_2025-04.json,191.65
176567_2025-05.json,156.64
176576_2022-10.json,26.12
176576_2022-11.json,51.51
176576_2022-12.json,22.25
176576_2023-01.json,45.83
176576_2023-02.json,53.59
176576_2023-03.json,45.6
176576_2023-04.json,21.54
176576_2023-05.json,30.89
176576_2023-06.json,25.35
176576_2023-07.json,10.25
176576_2023-08.json,15.84
176576_2023-09.json,27.6
176576_2023-10.json,65.33
176576_2023-11.json,85.57
176576_2023-12.json,44.95
176576_2024-01.json,107.12
176576_2024-02.json,101.67
176576_2024-03.json,132.34
176576_2024-04.json,141.36
176576_2024-05.json,90.08
176576_2024-06.json,86.63
176576_2024-07.json,45.0
176576_2024-08.json,81.58
176576_2024-09.json,40.91
176576_2024-10.json,44.72
176576_2024-11.json,70.74
176576_2024-12.json,24.64
176576_2025-01.json,146.36
176576_2025-02.json,78.6
176576_2025-03.json,70.87
176576_2025-04.json,82.44
176576_2025-05.json,67.12
176585_2022-10.json,45.81
176585_2022-11.json,69.29
176585_2022-12.json,28.81
176585_2023-01.json,59.28
176585_2023-02.json,75.73
176585_2023-03.json,70.75
176585_2023-04.json,28.42
176585_2023-05.json,51.18
176585_2023-06.json,58.52
176585_2023-07.json,58.92
176585_2023-08.json,91.41
176585_2023-09.json,93.35
176585_2023-10.json,97.37
176585_2023-11.json,108.03
176585_2023-12.json,102.19
176585_2024-01.json,130.59
176585_2024-02.json,92.1
176585_2024-03.json,13.05
176585_2024-04.json,11.5
176585_2024-05.json,14.42
176585_2024-06.json,6.86
176585_2024-07.json,9.46
176585_2024-08.json,5.85
176585_2024-09.json,16.58
176585_2024-10.json,17.38
176585_2024-11.json,51.2
176585_2024-12.json,52.59
176585_2025-01.json,95.02
176585_2025-02.json,25.48
176585_2025-03.json,52.38
176585_2025-04.json,20.64
176585_2025-05.json,9.02
176594_2022-10.json,106.96
176594_2022-11.json,180.06
176594_2022-12.json,174.08
176594_2023-01.json,192.13
176594_2023-02.json,216.44
176594_2023-03.json,209.0
176594_2023-04.json,155.22
176594_2023-05.json,173.02
176594_2023-06.json,192.17
176594_2023-07.json,124.19
176594_2023-08.json,140.27
176594_2023-09.json,169.79
176594_2023-10.json,173.17
176594_2023-11.json,189.52
176594_2023-12.json,170.25
176594_2024-01.json,201.78
176594_2024-02.json,150.76
176594_2024-03.json,85.04
176594_2024-04.json,133.19
176594_2024-05.json,102.29
176594_2024-06.json,82.26
176594_2024-07.json,82.59
176594_2024-08.json,89.84
176594_2024-09.json,107.86
176594_2024-10.json,81.3
176594_2024-11.json,62.99
176594_2024-12.json,54.31
176594_2025-01.json,90.33
176594_2025-02.json,62.71
176594_2025-03.json,83.52
176594_2025-04.json,107.6
176594_2025-05.json,64.07
176603_2022-10.json,53.05
176603_2022-11.json,142.91
176603_2022-12.json,59.64
176603_2023-01.json,147.66
176603_2023-02.json,206.78
176603_2023-03.json,177.17
176603_2023-04.json,124.99
176603_2023-05.json,224.57
176603_2023-06.json,170.09
176603_2023-07.json,113.68
176603_2023-08.json,139.16
176603_2023-09.json,164.12
176603_2023-10.json,191.94
176603_2023-11.json,212.8
176603_2023-12.json,191.58
176603_2024-01.json,221.75
176603_2024-02.json,173.26
176603_2024-03.json,44.75
176603_2024-04.json,31.73
176603_2024-05.json,43.58
176603_2024-06.json,14.51
176603_2024-07.json,10.45
176603_2024-08.json,21.73
176603_2024-09.json,26.64
176603_2024-10.json,14.99
176603_2024-11.json,28.45
176603_2024-12.json,18.48
176603_2025-01.json,35.12
176603_2025-02.json,25.05
176603_2025-03.json,48.25
176603_2025-04.json,26.88
176603_2025-05.json,23.0
176613_2022-10.json,57.51
176613_2022-11.json,72.57
176613_2022-12.json,64.99
176613_2023-01.json,133.96
176613_2023-02.json,85.69
176613_2023-03.json,129.03
176613_2023-04.json,98.27
176613_2023-05.json,75.7
176613_2023-06.json,85.87
176613_2023-07.json,46.23
176613_2023-08.json,65.87
176613_2023-09.json,72.35
176613_2023-10.json,50.24
176613_2023-11.json,123.11
176613_2023-12.json,69.67
176613_2024-01.json,60.25
176613_2024-02.json,83.02
176613_2024-03.json,84.18
176613_2024-04.json,59.83
176613_2024-05.json,87.66
176613_2024-06.json,61.73
176613_2024-07.json,28.35
176613_2024-08.json,47.4
176613_2024-09.json,74.99
176613_2024-10.json,74.37
176613_2024-11.json,72.77
176613_2024-12.json,48.16
176613_2025-01.json,59.56
176613_2025-02.json,49.25
176613_2025-03.json,45.49
176613_2025-04.json,45.0
176613_2025-05.json,38.25
176622_2022-10.json,60.98
176622_2022-11.json,67.43
176622_2022-12.json,54.82
176622_2023-01.json,119.57
176622_2023-02.json,66.45
176622_2023-03.json,112.84
176622_2023-04.json,83.24
176622_2023-05.json,67.71
176622_2023-06.json,83.24
176622_2023-07.json,42.95
176622_2023-08.json,65.96
176622_2023-09.json,72.79
176622_2023-10.json,52.12
176622_2023-11.json,117.43
176622_2023-12.json,60.54
176622_2024-01.json,54.27
176622_2024-02.json,78.69
176622_2024-03.json,83.46
176622_2024-04.json,59.44
176622_2024-05.json,130.64
176622_2024-06.json,92.02
176622_2024-07.json,28.94
176622_2024-08.json,46.56
176622_2024-09.json,86.1
176622_2024-10.json,68.73
176622_2024-11.json,74.42
176622_2024-12.json,49.0
176622_2025-01.json,54.87
176622_2025-02.json,64.08
176622_2025-03.json,43.56
176622_2025-04.json,43.66
176622_2025-05.json,38.19
176631_2022-10.json,73.88
176631_2022-11.json,85.15
176631_2022-12.json,59.27
176631_2023-01.json,108.3
176631_2023-02.json,66.05
176631_2023-03.json,79.45
176631_2023-04.json,78.86
176631_2023-05.json,71.75
176631_2023-06.json,78.42
176631_2023-07.json,32.84
176631_2023-08.json,58.81
176631_2023-09.json,88.97
176631_2023-10.json,81.81
176631_2023-11.json,116.22
176631_2023-12.json,84.12
176631_2024-01.json,83.13
176631_2024-02.json,93.87
176631_2024-03.json,75.02
176631_2024-04.json,95.89
176631_2024-05.json,85.66
176631_2024-06.json,71.34
176631_2024-07.json,33.57
176631_2024-08.json,67.12
176631_2024-09.json,64.69
176631_2024-10.json,74.43
176631_2024-11.json,75.51
176631_2024-12.json,77.61
176631_2025-01.json,96.86
176631_2025-02.json,88.54
176631_2025-03.json,94.55
176631_2025-04.json,69.89
176631_2025-05.json,61.99
176640_2022-10.json,58.81
176640_2022-11.json,76.56
176640_2022-12.json,14.35
176640_2023-01.json,21.49
176640_2023-02.json,16.37
176640_2023-03.json,25.07
176640_2023-04.json,40.3
176640_2023-05.json,32.92
176640_2023-06.json,28.34
176640_2023-07.json,11.1
176640_2023-08.json,23.19
176640_2023-09.json,51.94
176640_2023-10.json,58.17
176640_2023-11.json,97.75
176640_2023-12.json,58.39
176640_2024-01.json,53.61
176640_2024-02.json,88.11
176640_2024-03.json,96.19
176640_2024-04.json,112.74
176640_2024-05.json,135.1
176640_2024-06.json,109.36
176640_2024-07.json,58.43
176640_2024-08.json,66.39
176640_2024-09.json,84.44
176640_2024-10.json,92.51
176640_2024-11.json,82.44
176640_2024-12.json,73.53
176640_2025-01.json,96.93
176640_2025-02.json,118.68
176640_2025-03.json,100.83
176640_2025-04.json,83.36
176640_2025-05.json,70.83
176649_2022-10.json,130.07
176649_2022-11.json,223.22
176649_2022-12.json,171.49
176649_2023-01.json,205.44
176649_2023-02.json,188.14
176649_2023-03.json,233.41
176649_2023-04.json,188.81
176649_2023-05.json,204.19
176649_2023-06.json,220.7
176649_2023-07.json,83.89
176649_2023-08.json,173.04
176649_2023-09.json,210.63
176649_2023-10.json,208.99
176649_2023-11.json,219.02
176649_2023-12.json,155.44
176649_2024-01.json,196.55
176649_2024-02.json,196.28
176649_2024-03.json,180.36
176649_2024-04.json,214.0
176649_2024-05.json,186.52
176649_2024-06.json,162.71
176649_2024-07.json,120.6
176649_2024-08.json,225.88
176649_2024-09.json,223.69
176649_2024-10.json,270.46
176649_2024-11.json,220.88
176649_2024-12.json,155.0
176649_2025-01.json,209.12
176649_2025-02.json,243.72
176649_2025-03.json,233.22
176649_2025-04.json,218.55
176649_2025-05.json,165.14
176658_2022-10.json,95.58
176658_2022-11.json,135.42
176658_2022-12.json,142.85
176658_2023-01.json,162.17
176658_2023-02.json,138.96
176658_2023-03.json,126.62
176658_2023-04.json,88.23
176658_2023-05.json,118.11
176658_2023-06.json,142.29
176658_2023-07.json,61.24
176658_2023-08.json,86.19
176658_2023-09.json,107.37
176658_2023-10.json,82.32
176658_2023-11.json,130.87
176658_2023-12.json,70.85
176658_2024-01.json,84.27
176658_2024-02.json,223.96
176658_2024-03.json,674.38
176658_2024-04.json,690.01
176658_2024-05.json,718.93
176658_2024-06.json,671.25
176658_2024-07.json,697.35
176658_2024-08.json,723.41
176658_2024-09.json,645.37
176658_2024-10.json,705.75
176658_2024-11.json,709.22
176658_2024-12.json,685.48
176658_2025-01.json,727.35
176658_2025-02.json,650.9
176658_2025-03.json,732.45
176658_2025-04.json,711.03
176658_2025-05.json,416.73
176667_2022-10.json,26.77
176667_2022-11.json,97.42
176667_2022-12.json,74.75
176667_2023-01.json,74.98
176667_2023-02.json,82.06
176667_2023-03.json,171.74
176667_2023-04.json,127.15
176667_2023-05.json,132.81
176667_2023-06.json,142.77
176667_2023-07.json,27.64
176667_2023-08.json,73.35
176667_2023-09.json,192.04
176667_2023-10.json,170.65
176667_2023-11.json,186.08
176667_2023-12.json,127.76
176667_2024-01.json,163.0
176667_2024-02.json,157.13
176667_2024-03.json,142.76
176667_2024-04.json,153.93
176667_2024-05.json,33.36
176667_2024-06.json,87.02
176667_2024-07.json,79.01
176667_2024-08.json,174.15
176667_2024-09.json,178.36
176667_2024-10.json,189.07
176667_2024-11.json,167.06
176667_2024-12.json,102.55
176667_2025-01.json,86.32
176667_2025-02.json,134.77
176667_2025-03.json,101.36
176667_2025-04.json,144.82
176667_2025-05.json,103.57
176676_2022-10.json,39.14
176676_2022-11.json,87.45
176676_2022-12.json,51.78
176676_2023-01.json,69.07
176676_2023-02.json,62.75
176676_2023-03.json,105.49
176676_2023-04.json,92.61
176676_2023-05.json,112.71
176676_2023-06.json,109.04
176676_2023-07.json,28.24
176676_2023-08.json,96.67
176676_2023-09.json,145.31
176676_2023-10.json,141.37
176676_2023-11.json,154.21
176676_2023-12.json,102.0
176676_2024-01.json,128.46
176676_2024-02.json,89.83
176676_2024-03.json,70.35
176676_2024-04.json,100.14
176676_2024-05.json,86.75
176676_2024-06.json,67.45
176676_2024-07.json,15.62
176676_2024-08.json,60.74
176676_2024-09.json,75.25
176676_2024-10.json,86.9
176676_2024-11.json,82.81
176676_2024-12.json,64.45
176676_2025-01.json,88.69
176676_2025-02.json,104.27
176676_2025-03.json,74.82
176676_2025-04.json,78.96
176676_2025-05.json,66.18
176685_2022-10.json,12.58
176685_2022-11.json,36.44
176685_2022-12.json,20.66
176685_2023-01.json,15.44
176685_2023-02.json,10.95
176685_2023-03.json,20.14
176685_2023-04.json,42.4
176685_2023-05.json,54.37
176685_2023-06.json,45.81
176685_2023-07.json,24.78
176685_2023-08.json,116.45
176685_2023-09.json,145.81
176685_2023-10.json,171.85
176685_2023-11.json,149.11
176685_2023-12.json,105.65
176685_2024-01.json,181.27
176685_2024-02.json,139.02
176685_2024-03.json,139.18
176685_2024-04.json,171.07
176685_2024-05.json,166.47
176685_2024-06.json,94.36
176685_2024-07.json,13.65
176685_2024-08.json,291.25
176685_2024-09.json,249.55
176685_2024-10.json,305.93
176685_2024-11.json,280.78
176685_2024-12.json,200.25
176685_2025-01.json,291.9
176685_2025-02.json,212.79
176685_2025-03.json,182.9
176685_2025-04.json,167.13
176685_2025-05.json,117.26
176694_2022-10.json,75.01
176694_2022-11.json,186.15
176694_2022-12.json,107.48
176694_2023-01.json,131.26
176694_2023-02.json,120.68
176694_2023-03.json,152.09
176694_2023-04.json,130.6
176694_2023-05.json,125.54
176694_2023-06.json,136.1
176694_2023-07.json,63.24
176694_2023-08.json,151.51
176694_2023-09.json,125.2
176694_2023-10.json,89.48
176694_2023-11.json,81.51
176694_2023-12.json,79.91
176694_2024-01.json,78.44
176694_2024-02.json,87.86
176694_2024-03.json,62.56
176694_2024-04.json,102.95
176694_2024-05.json,82.78
176694_2024-06.json,82.51
176694_2024-07.json,45.16
176694_2024-08.json,96.19
176694_2024-09.json,109.84
176694_2024-10.json,111.29
176694_2024-11.json,103.24
176694_2024-12.json,73.3
176694_2025-01.json,88.02
176694_2025-02.json,94.03
176694_2025-03.json,84.21
176694_2025-04.json,83.49
176694_2025-05.json,44.51
176703_2022-10.json,0.0
176703_2022-12.json,0.0
176703_2023-01.json,0.15
176703_2023-02.json,0.0
176703_2023-03.json,435.75
176703_2023-04.json,197.18
176703_2023-05.json,240.41
176703_2023-06.json,225.69
176703_2023-07.json,95.55
176703_2023-08.json,164.73
176703_2023-09.json,212.04
176703_2023-10.json,238.39
176703_2023-11.json,244.72
176703_2023-12.json,164.4
176703_2024-01.json,216.49
176703_2024-02.json,154.54
176703_2024-03.json,107.27
176703_2024-04.json,157.79
176703_2024-05.json,146.13
176703_2024-06.json,110.6
176703_2024-07.json,48.39
176703_2024-08.json,120.36
176703_2024-09.json,146.27
176703_2024-10.json,164.8
176703_2024-11.json,152.29
176703_2024-12.json,116.57
176703_2025-01.json,122.83
176703_2025-02.json,125.38
176703_2025-03.json,144.91
176703_2025-04.json,141.97
176703_2025-05.json,141.5
176712_2022-10.json,189.7
176712_2022-11.json,292.98
176712_2022-12.json,241.11
176712_2023-01.json,295.31
176712_2023-02.json,295.26
176712_2023-03.json,304.49
176712_2023-04.json,276.6
176712_2023-05.json,353.15
176712_2023-06.json,315.44
176712_2023-07.json,203.65
176712_2023-08.json,267.71
176712_2023-09.json,301.23
176712_2023-10.json,295.03
176712_2023-11.json,305.55
176712_2023-12.json,264.83
176712_2024-01.json,288.41
176712_2024-02.json,286.31
176712_2024-03.json,298.6
176712_2024-04.json,311.88
176712_2024-05.json,321.67
176712_2024-06.json,290.0
176712_2024-07.json,277.08
176712_2024-08.json,325.0
176712_2024-09.json,391.2
176712_2024-10.json,431.34
176712_2024-11.json,327.63
176712_2024-12.json,259.44
176712_2025-01.json,352.11
176712_2025-02.json,325.71
176712_2025-03.json,344.47
176712_2025-04.json,276.54
176712_2025-05.json,182.81
176721_2022-10.json,217.27
176721_2022-11.json,309.86
176721_2022-12.json,251.13
176721_2023-01.json,297.1
176721_2023-02.json,284.55
176721_2023-03.json,313.14
176721_2023-04.json,310.1
176721_2023-05.json,399.2
176721_2023-06.json,328.75
176721_2023-07.json,232.91
176721_2023-08.json,293.25
176721_2023-09.json,301.46
176721_2023-10.json,297.27
176721_2023-11.json,340.47
176721_2023-12.json,243.69
176721_2024-01.json,242.02
176721_2024-02.json,263.09
176721_2024-03.json,253.02
176721_2024-04.json,275.53
176721_2024-05.json,263.0
176721_2024-06.json,206.58
176721_2024-07.json,189.6
176721_2024-08.json,155.21
176721_2024-09.json,386.8
176721_2024-10.json,424.73
176721_2024-11.json,310.76
176721_2024-12.json,232.13
176721_2025-01.json,296.97
176721_2025-02.json,305.14
176721_2025-03.json,330.13
176721_2025-04.json,322.27
176721_2025-05.json,213.42
176731_2022-10.json,120.07
176731_2022-11.json,171.73
176731_2022-12.json,132.59
176731_2023-01.json,175.27
176731_2023-02.json,183.04
176731_2023-03.json,194.12
176731_2023-04.json,140.92
176731_2023-05.json,159.45
176731_2023-06.json,127.78
176731_2023-07.json,95.18
176731_2023-08.json,122.6
176731_2023-09.json,148.78
176731_2023-10.json,152.77
176731_2023-11.json,150.6
176731_2023-12.json,132.58
176731_2024-01.json,169.34
176731_2024-02.json,154.9
176731_2024-03.json,131.02
176731_2024-04.json,140.16
176731_2024-05.json,130.99
176731_2024-06.json,126.82
176731_2024-07.json,99.69
176731_2024-08.json,136.64
176731_2024-09.json,136.41
176731_2024-10.json,132.0
176731_2024-11.json,132.57
176731_2024-12.json,108.26
176731_2025-01.json,147.19
176731_2025-02.json,160.24
176731_2025-03.json,143.92
176731_2025-04.json,141.52
176731_2025-05.json,89.27
176740_2022-10.json,223.58
176740_2022-11.json,320.84
176740_2022-12.json,263.88
176740_2023-01.json,294.23
176740_2023-02.json,309.36
176740_2023-03.json,336.71
176740_2023-04.json,317.24
176740_2023-05.json,363.24
176740_2023-06.json,302.3
176740_2023-07.json,263.09
176740_2023-08.json,290.6
176740_2023-09.json,287.03
176740_2023-10.json,282.09
176740_2023-11.json,316.83
176740_2023-12.json,253.43
176740_2024-01.json,291.17
176740_2024-02.json,305.97
176740_2024-03.json,355.24
176740_2024-04.json,327.19
176740_2024-05.json,377.14
176740_2024-06.json,321.06
176740_2024-07.json,275.77
176740_2024-08.json,335.27
176740_2024-09.json,371.28
176740_2024-10.json,329.06
176740_2024-11.json,302.99
176740_2024-12.json,245.29
176740_2025-01.json,325.43
176740_2025-02.json,320.46
176740_2025-03.json,347.09
176740_2025-04.json,357.21
176740_2025-05.json,231.47
176749_2022-10.json,109.36
176749_2022-11.json,218.07
176749_2022-12.json,162.8
176749_2023-01.json,156.27
176749_2023-02.json,149.37
176749_2023-03.json,202.92
176749_2023-04.json,152.35
176749_2023-05.json,180.91
176749_2023-06.json,171.47
176749_2023-07.json,123.04
176749_2023-08.json,197.95
176749_2023-09.json,166.01
176749_2023-10.json,192.26
176749_2023-11.json,174.91
176749_2023-12.json,146.33
176749_2024-01.json,186.53
176749_2024-02.json,177.6
176749_2024-03.json,166.55
176749_2024-04.json,184.64
176749_2024-05.json,187.1
176749_2024-06.json,161.84
176749_2024-07.json,135.0
176749_2024-08.json,182.75
176749_2024-09.json,169.88
176749_2024-10.json,182.87
176749_2024-11.json,175.05
176749_2024-12.json,134.88
176749_2025-01.json,175.69
176749_2025-02.json,159.07
176749_2025-03.json,164.99
176749_2025-04.json,142.19
176749_2025-05.json,111.82
176758_2022-10.json,168.77
176758_2022-11.json,223.47
176758_2022-12.json,162.4
176758_2023-01.json,182.84
176758_2023-02.json,174.63
176758_2023-03.json,104.44
176758_2023-04.json,117.85
176758_2023-05.json,181.95
176758_2023-06.json,151.34
176758_2023-07.json,116.31
176758_2023-08.json,126.47
176758_2023-09.json,148.14
176758_2023-10.json,98.33
176758_2023-11.json,37.9
176758_2023-12.json,71.02
176758_2024-01.json,85.8
176758_2024-02.json,177.93
176758_2024-03.json,123.76
176758_2024-04.json,57.24
176758_2024-05.json,29.48
176758_2024-06.json,17.97
176758_2024-07.json,5.15
176758_2024-08.json,24.76
176758_2024-09.json,196.81
176758_2024-10.json,213.43
176758_2024-11.json,184.13
176758_2024-12.json,116.01
176758_2025-01.json,204.59
176758_2025-02.json,199.03
176758_2025-03.json,131.64
176758_2025-04.json,61.83
176758_2025-05.json,69.04
176767_2022-10.json,0.0
176767_2023-01.json,0.0
176767_2023-02.json,0.0
176767_2023-03.json,0.0
176767_2023-04.json,0.0
176767_2023-05.json,0.0
176767_2023-06.json,0.0
176767_2023-07.json,0.0
176767_2023-08.json,0.0
176767_2023-09.json,0.0
176767_2023-10.json,0.0
176767_2023-11.json,0.0
176767_2023-12.json,0.0
176767_2024-01.json,0.0
176767_2024-02.json,108.12
176767_2024-03.json,402.35
176767_2024-04.json,398.74
176767_2024-05.json,439.4
176767_2024-06.json,380.37
176767_2024-07.json,327.49
176767_2024-08.json,345.59
176767_2024-09.json,469.43
176767_2024-10.json,480.53
176767_2024-11.json,349.68
176767_2024-12.json,292.68
176767_2025-01.json,349.53
176767_2025-02.json,348.45
176767_2025-03.json,369.56
176767_2025-04.json,366.49
176767_2025-05.json,236.27
176776_2022-10.json,83.7
176776_2022-11.json,149.43
176776_2022-12.json,112.47
176776_2023-01.json,155.8
176776_2023-02.json,180.32
176776_2023-03.json,166.24
176776_2023-04.json,122.04
176776_2023-05.json,184.15
176776_2023-06.json,205.32
176776_2023-07.json,76.58
176776_2023-08.json,182.91
176776_2023-09.json,162.02
176776_2023-10.json,141.21
176776_2023-11.json,129.88
176776_2023-12.json,98.18
176776_2024-01.json,132.54
176776_2024-02.json,172.41
176776_2024-03.json,167.37
176776_2024-04.json,182.2
176776_2024-05.json,174.41
176776_2024-06.json,166.25
176776_2024-07.json,66.2
176776_2024-08.json,156.23
176776_2024-09.json,161.8
176776_2024-10.json,126.51
176776_2024-11.json,139.32
176776_2024-12.json,102.78
176776_2025-01.json,161.54
176776_2025-02.json,134.26
176776_2025-03.json,154.0
176776_2025-04.json,123.87
176776_2025-05.json,91.12
176794_2022-10.json,83.51
176794_2022-11.json,203.93
176794_2022-12.json,136.83
176794_2023-01.json,172.5
176794_2023-02.json,166.22
176794_2023-03.json,191.26
176794_2023-04.json,140.45
176794_2023-05.json,171.07
176794_2023-06.json,139.06
176794_2023-07.json,60.98
176794_2023-08.json,147.64
176794_2023-09.json,143.82
176794_2023-10.json,154.21
176794_2023-11.json,120.65
176794_2023-12.json,91.16
176794_2024-01.json,116.22
176794_2024-02.json,115.4
176794_2024-03.json,113.1
176794_2024-04.json,113.53
176794_2024-05.json,121.94
176794_2024-06.json,106.47
176794_2024-07.json,63.92
176794_2024-08.json,88.89
176794_2024-09.json,99.99
176794_2024-10.json,105.9
176794_2024-11.json,102.0
176794_2024-12.json,71.66
176794_2025-01.json,110.41
176794_2025-02.json,78.85
176794_2025-03.json,108.36
176794_2025-04.json,92.44
176794_2025-05.json,40.18
176803_2022-10.json,177.82
176803_2022-11.json,206.93
176803_2022-12.json,171.26
176803_2023-01.json,198.47
176803_2023-02.json,244.84
176803_2023-03.json,190.06
176803_2023-04.json,149.2
176803_2023-05.json,147.07
176803_2023-06.json,115.04
176803_2023-07.json,109.19
176803_2023-08.json,116.08
176803_2023-09.json,148.84
176803_2023-10.json,166.83
176803_2023-11.json,131.55
176803_2023-12.json,106.9
176803_2024-01.json,91.68
176803_2024-02.json,183.57
176803_2024-03.json,205.69
176803_2024-04.json,204.33
176803_2024-05.json,163.66
176803_2024-06.json,188.23
176803_2024-07.json,142.5
176803_2024-08.json,190.11
176803_2024-09.json,154.4
176803_2024-10.json,201.72
176803_2024-11.json,145.27
176803_2024-12.json,151.6
176803_2025-01.json,211.36
176803_2025-02.json,185.33
176803_2025-03.json,182.54
176803_2025-04.json,176.99
176803_2025-05.json,93.39
176812_2022-10.json,121.67
176812_2022-11.json,182.13
176812_2022-12.json,144.07
176812_2023-01.json,151.05
176812_2023-02.json,125.44
176812_2023-03.json,167.5
176812_2023-04.json,141.47
176812_2023-05.json,190.11
176812_2023-06.json,204.48
176812_2023-07.json,40.43
176812_2023-08.json,131.86
176812_2023-09.json,148.87
176812_2023-10.json,143.11
176812_2023-11.json,204.91
176812_2023-12.json,123.69
176812_2024-01.json,155.47
176812_2024-02.json,152.05
176812_2024-03.json,103.44
176812_2024-04.json,151.85
176812_2024-05.json,176.75
176812_2024-06.json,126.56
176812_2024-07.json,79.79
176812_2024-08.json,175.01
176812_2024-09.json,167.77
176812_2024-10.json,139.94
176812_2024-11.json,144.04
176812_2024-12.json,111.16
176812_2025-01.json,150.26
176812_2025-02.json,105.37
176812_2025-03.json,110.61
176812_2025-04.json,116.57
176812_2025-05.json,81.33
176821_2022-10.json,134.74
176821_2022-11.json,205.05
176821_2022-12.json,138.26
176821_2023-01.json,140.34
176821_2023-02.json,140.08
176821_2023-03.json,163.41
176821_2023-04.json,149.36
176821_2023-05.json,164.66
176821_2023-06.json,202.29
176821_2023-07.json,50.6
176821_2023-08.json,130.71
176821_2023-09.json,159.9
176821_2023-10.json,177.06
176821_2023-11.json,206.54
176821_2023-12.json,130.47
176821_2024-01.json,126.0
176821_2024-02.json,147.32
176821_2024-03.json,106.09
176821_2024-04.json,149.4
176821_2024-05.json,170.07
176821_2024-06.json,142.92
176821_2024-07.json,84.59
176821_2024-08.json,129.0
176821_2024-09.json,156.63
176821_2024-10.json,141.34
176821_2024-11.json,114.22
176821_2024-12.json,94.33
176821_2025-01.json,124.97
176821_2025-02.json,85.52
176821_2025-03.json,117.67
176821_2025-04.json,140.86
176821_2025-05.json,80.4
176830_2022-10.json,203.06
176830_2022-11.json,329.75
176830_2022-12.json,260.93
176830_2023-01.json,294.3
176830_2023-02.json,250.07
176830_2023-03.json,262.21
176830_2023-04.json,279.2
176830_2023-05.json,327.65
176830_2023-06.json,363.87
176830_2023-07.json,235.06
176830_2023-08.json,305.73
176830_2023-09.json,297.72
176830_2023-10.json,293.1
176830_2023-11.json,254.6
176830_2023-12.json,193.9
176830_2024-01.json,214.54
176830_2024-02.json,135.07
176830_2024-03.json,123.26
176830_2024-04.json,145.6
176830_2024-05.json,147.79
176830_2024-06.json,140.06
176830_2024-07.json,70.61
176830_2024-08.json,136.39
176830_2024-09.json,140.05
176830_2024-10.json,130.21
176830_2024-11.json,118.31
176830_2024-12.json,105.71
176830_2025-01.json,117.18
176830_2025-02.json,123.58
176830_2025-03.json,124.84
176830_2025-04.json,107.45
176830_2025-05.json,87.17
176839_2022-10.json,64.11
176839_2022-11.json,115.87
176839_2022-12.json,93.64
176839_2023-01.json,132.59
176839_2023-02.json,121.59
176839_2023-03.json,136.62
176839_2023-04.json,77.44
176839_2023-05.json,91.01
176839_2023-06.json,76.69
176839_2023-07.json,36.66
176839_2023-08.json,110.54
176839_2023-09.json,129.56
176839_2023-10.json,127.54
176839_2023-11.json,148.58
176839_2023-12.json,110.66
176839_2024-01.json,154.26
176839_2024-02.json,115.75
176839_2024-03.json,89.06
176839_2024-04.json,120.65
176839_2024-05.json,124.93
176839_2024-06.json,133.02
176839_2024-07.json,62.64
176839_2024-08.json,106.27
176839_2024-09.json,136.36
176839_2024-10.json,133.48
176839_2024-11.json,134.99
176839_2024-12.json,124.96
176839_2025-01.json,155.56
176839_2025-02.json,133.75
176839_2025-03.json,142.16
176839_2025-04.json,126.34
176839_2025-05.json,83.31
176848_2022-10.json,141.76
176848_2022-11.json,223.98
176848_2022-12.json,146.24
176848_2023-01.json,207.93
176848_2023-02.json,184.9
176848_2023-03.json,234.73
176848_2023-04.json,172.64
176848_2023-05.json,184.65
176848_2023-06.json,186.95
176848_2023-07.json,115.42
176848_2023-08.json,192.96
176848_2023-09.json,194.59
176848_2023-10.json,194.33
176848_2023-11.json,184.57
176848_2023-12.json,135.63
176848_2024-01.json,180.81
176848_2024-02.json,182.11
176848_2024-03.json,166.56
176848_2024-04.json,189.12
176848_2024-05.json,188.98
176848_2024-06.json,158.61
176848_2024-07.json,108.8
176848_2024-08.json,199.08
176848_2024-09.json,192.94
176848_2024-10.json,204.17
176848_2024-11.json,197.74
176848_2024-12.json,161.89
176848_2025-01.json,195.31
176848_2025-02.json,168.89
176848_2025-03.json,183.52
176848_2025-04.json,150.82
176848_2025-05.json,117.5
176857_2022-10.json,158.91
176857_2022-11.json,209.85
176857_2022-12.json,141.0
176857_2023-01.json,140.83
176857_2023-02.json,198.21
176857_2023-03.json,283.44
176857_2023-04.json,219.23
176857_2023-05.json,212.22
176857_2023-06.json,192.03
176857_2023-07.json,192.72
176857_2023-08.json,234.27
176857_2023-09.json,218.36
176857_2023-10.json,196.42
176857_2023-11.json,230.96
176857_2023-12.json,181.4
176857_2024-01.json,217.98
176857_2024-02.json,241.49
176857_2024-03.json,189.31
176857_2024-04.json,216.1
176857_2024-05.json,228.78
176857_2024-06.json,208.29
176857_2024-07.json,220.45
176857_2024-08.json,118.15
176857_2024-09.json,161.95
176857_2024-10.json,191.37
176857_2024-11.json,147.61
176857_2024-12.json,109.87
176857_2025-01.json,165.44
176857_2025-02.json,135.27
176857_2025-03.json,198.17
176857_2025-04.json,218.07
176857_2025-05.json,163.04
179929_2022-10.json,130.15
179929_2022-11.json,236.17
179929_2022-12.json,220.88
179929_2023-01.json,192.67
179929_2023-02.json,186.7
179929_2023-03.json,266.23
179929_2023-04.json,197.82
179929_2023-05.json,224.25
179929_2023-06.json,156.08
179929_2023-07.json,83.9
179929_2023-08.json,182.96
179929_2023-09.json,158.01
179929_2023-10.json,227.21
179929_2023-11.json,218.47
179929_2023-12.json,167.12
179929_2024-01.json,208.89
179929_2024-02.json,165.68
179929_2024-03.json,205.11
179929_2024-04.json,169.03
179929_2024-05.json,170.64
179929_2024-06.json,118.52
179929_2024-07.json,58.97
179929_2024-08.json,143.76
179929_2024-09.json,193.79
179929_2024-10.json,205.01
179929_2024-11.json,182.53
179929_2024-12.json,150.88
179929_2025-01.json,140.73
179929_2025-02.json,171.15
179929_2025-03.json,139.96
179929_2025-04.json,181.49
179929_2025-05.json,121.4
179938_2022-10.json,156.74
179938_2022-11.json,294.12
179938_2022-12.json,247.51
179938_2023-01.json,241.18
179938_2023-02.json,226.77
179938_2023-03.json,209.13
179938_2023-04.json,231.38
179938_2023-05.json,330.87
179938_2023-06.json,273.4
179938_2023-07.json,153.94
179938_2023-08.json,220.58
179938_2023-09.json,277.36
179938_2023-10.json,307.32
179938_2023-11.json,262.16
179938_2023-12.json,178.81
179938_2024-01.json,209.05
179938_2024-02.json,215.25
179938_2024-03.json,228.87
179938_2024-04.json,256.48
179938_2024-05.json,233.99
179938_2024-06.json,201.96
179938_2024-07.json,56.41
179938_2024-08.json,141.33
179938_2024-09.json,208.3
179938_2024-10.json,189.06
179938_2024-11.json,197.0
179938_2024-12.json,118.96
179938_2025-01.json,147.99
179938_2025-02.json,92.81
179938_2025-03.json,136.47
179938_2025-04.json,197.61
179938_2025-05.json,143.22
179947_2022-10.json,219.06
179947_2022-11.json,365.76
179947_2022-12.json,264.39
179947_2023-01.json,332.42
179947_2023-02.json,311.99
179947_2023-03.json,386.06
179947_2023-04.json,308.5
179947_2023-05.json,361.28
179947_2023-06.json,317.69
179947_2023-07.json,167.76
179947_2023-08.json,294.15
179947_2023-09.json,294.27
179947_2023-10.json,353.43
179947_2023-11.json,327.17
179947_2023-12.json,247.14
179947_2024-01.json,291.47
179947_2024-02.json,283.41
179947_2024-03.json,296.51
179947_2024-04.json,323.21
179947_2024-05.json,332.47
179947_2024-06.json,292.47
179947_2024-07.json,248.13
179947_2024-08.json,345.29
179947_2024-09.json,362.55
179947_2024-10.json,352.2
179947_2024-11.json,330.33
179947_2024-12.json,268.34
179947_2025-01.json,317.34
179947_2025-02.json,293.06
179947_2025-03.json,294.72
179947_2025-04.json,326.2
179947_2025-05.json,261.8
179956_2022-10.json,243.36
179956_2022-11.json,394.21
179956_2022-12.json,324.26
179956_2023-01.json,372.52
179956_2023-02.json,387.35
179956_2023-03.json,434.61
179956_2023-04.json,392.9
179956_2023-05.json,439.89
179956_2023-06.json,398.18
179956_2023-07.json,282.15
179956_2023-08.json,361.0
179956_2023-09.json,354.8
179956_2023-10.json,397.81
179956_2023-11.json,387.97
179956_2023-12.json,312.61
179956_2024-01.json,359.42
179956_2024-02.json,351.59
179956_2024-03.json,390.82
179956_2024-04.json,395.32
179956_2024-05.json,431.55
179956_2024-06.json,389.71
179956_2024-07.json,353.87
179956_2024-08.json,399.52
179956_2024-09.json,445.78
179956_2024-10.json,445.03
179956_2024-11.json,390.78
179956_2024-12.json,338.68
179956_2025-01.json,397.34
179956_2025-02.json,362.38
179956_2025-03.json,384.63
179956_2025-04.json,403.95
179956_2025-05.json,281.13
179965_2022-10.json,106.54
179965_2022-11.json,187.53
179965_2022-12.json,153.89
179965_2023-01.json,92.64
179965_2023-02.json,101.47
179965_2023-03.json,177.9
179965_2023-04.json,206.15
179965_2023-05.json,215.46
179965_2023-06.json,139.8
179965_2023-07.json,93.71
179965_2023-08.json,239.3
179965_2023-09.json,218.79
179965_2023-10.json,189.98
179965_2023-11.json,155.92
179965_2023-12.json,121.21
179965_2024-01.json,106.74
179965_2024-02.json,166.78
179965_2024-03.json,118.97
179965_2024-04.json,103.09
179965_2024-05.json,156.37
179965_2024-06.json,73.77
179965_2024-07.json,127.45
179965_2024-08.json,166.89
179965_2024-09.json,260.17
179965_2024-10.json,265.69
179965_2024-11.json,243.88
179965_2024-12.json,212.49
179965_2025-01.json,280.15
179965_2025-02.json,262.69
179965_2025-03.json,208.56
179965_2025-04.json,223.67
179965_2025-05.json,153.32
179974_2022-10.json,67.71
179974_2022-11.json,106.04
179974_2022-12.json,60.14
179974_2023-01.json,86.85
179974_2023-02.json,152.25
179974_2023-03.json,148.29
179974_2023-04.json,172.39
179974_2023-05.json,123.11
179974_2023-06.json,99.91
179974_2023-07.json,64.38
179974_2023-08.json,121.9
179974_2023-09.json,173.9
179974_2023-10.json,128.65
179974_2023-11.json,119.55
179974_2023-12.json,84.28
179974_2024-01.json,86.0
179974_2024-02.json,119.55
179974_2024-03.json,115.07
179974_2024-04.json,147.69
179974_2024-05.json,183.89
179974_2024-06.json,161.11
179974_2024-07.json,69.7
179974_2024-08.json,93.42
179974_2024-09.json,87.55
179974_2024-10.json,137.7
179974_2024-11.json,121.7
179974_2024-12.json,93.35
179974_2025-01.json,126.32
179974_2025-02.json,81.92
179974_2025-03.json,68.06
179974_2025-04.json,41.91
179974_2025-05.json,27.29
179983_2022-10.json,260.51
179983_2022-11.json,451.78
179983_2022-12.json,364.24
179983_2023-01.json,398.41
179983_2023-02.json,355.42
179983_2023-03.json,411.31
179983_2023-04.json,394.45
179983_2023-05.json,377.84
179983_2023-06.json,358.46
179983_2023-07.json,237.99
179983_2023-08.json,316.74
179983_2023-09.json,327.54
179983_2023-10.json,358.31
179983_2023-11.json,341.21
179983_2023-12.json,277.8
179983_2024-01.json,322.05
179983_2024-02.json,310.45
179983_2024-03.json,343.03
179983_2024-04.json,337.08
179983_2024-05.json,348.71
179983_2024-06.json,323.87
179983_2024-07.json,294.4
179983_2024-08.json,339.19
179983_2024-09.json,369.32
179983_2024-10.json,361.59
179983_2024-11.json,333.21
179983_2024-12.json,293.83
179983_2025-01.json,351.39
179983_2025-02.json,325.51
179983_2025-03.json,339.21
179983_2025-04.json,347.23
179983_2025-05.json,250.83
179992_2022-10.json,191.69
179992_2022-11.json,304.89
179992_2022-12.json,250.5
179992_2023-01.json,304.93
179992_2023-02.json,331.45
179992_2023-03.json,357.08
179992_2023-04.json,296.13
179992_2023-05.json,345.3
179992_2023-06.json,340.8
179992_2023-07.json,239.82
179992_2023-08.json,311.1
179992_2023-09.json,318.06
179992_2023-10.json,365.75
179992_2023-11.json,333.64
179992_2023-12.json,276.39
179992_2024-01.json,321.49
179992_2024-02.json,207.66
179992_2024-03.json,0.0
179992_2024-04.json,0.0
179992_2024-05.json,0.0
179992_2024-06.json,0.0
179992_2024-07.json,0.0
179992_2024-08.json,0.0
179992_2024-09.json,0.0
179992_2024-10.json,0.0
179992_2024-11.json,0.0
179992_2024-12.json,0.0
179992_2025-01.json,0.0
179992_2025-02.json,0.0
179992_2025-03.json,0.0
179992_2025-04.json,0.0
179992_2025-05.json,0.0
180001_2022-10.json,128.99
180001_2022-11.json,233.04
180001_2022-12.json,177.16
180001_2023-01.json,230.11
180001_2023-02.json,217.73
180001_2023-03.json,246.31
180001_2023-04.json,188.46
180001_2023-05.json,221.21
180001_2023-06.json,216.95
180001_2023-07.json,209.39
180001_2023-08.json,232.6
180001_2023-09.json,208.12
180001_2023-10.json,225.28
180001_2023-11.json,224.69
180001_2023-12.json,174.81
180001_2024-01.json,222.94
180001_2024-02.json,209.74
180001_2024-03.json,190.58
180001_2024-04.json,210.24
180001_2024-05.json,194.77
180001_2024-06.json,193.44
180001_2024-07.json,180.62
180001_2024-08.json,189.7
180001_2024-09.json,204.81
180001_2024-10.json,215.69
180001_2024-11.json,214.97
180001_2024-12.json,164.76
180001_2025-01.json,214.77
180001_2025-02.json,184.69
180001_2025-03.json,217.96
180001_2025-04.json,168.67
180001_2025-05.json,123.84
180010_2022-10.json,100.59
180010_2022-11.json,274.36
180010_2022-12.json,199.43
180010_2023-01.json,235.23
180010_2023-02.json,196.05
180010_2023-03.json,189.36
180010_2023-04.json,190.12
180010_2023-05.json,241.68
180010_2023-06.json,257.52
180010_2023-07.json,161.68
180010_2023-08.json,215.42
180010_2023-09.json,185.76
180010_2023-10.json,164.83
180010_2023-11.json,166.95
180010_2023-12.json,130.2
180010_2024-01.json,187.66
180010_2024-02.json,172.75
180010_2024-03.json,127.84
180010_2024-04.json,144.21
180010_2024-05.json,117.91
180010_2024-06.json,112.67
180010_2024-07.json,47.66
180010_2024-08.json,79.71
180010_2024-09.json,134.87
180010_2024-10.json,125.36
180010_2024-11.json,107.48
180010_2024-12.json,80.87
180010_2025-01.json,120.38
180010_2025-02.json,93.97
180010_2025-03.json,103.42
180010_2025-04.json,103.47
180010_2025-05.json,77.27
180019_2022-10.json,48.23
180019_2022-11.json,104.14
180019_2022-12.json,105.32
180019_2023-01.json,130.66
180019_2023-02.json,113.9
180019_2023-03.json,144.94
180019_2023-04.json,141.94
180019_2023-05.json,127.48
180019_2023-06.json,85.72
180019_2023-07.json,52.13
180019_2023-08.json,77.32
180019_2023-09.json,125.74
180019_2023-10.json,143.04
180019_2023-11.json,118.3
180019_2023-12.json,129.89
180019_2024-01.json,118.24
180019_2024-02.json,67.23
180019_2024-03.json,87.4
180019_2024-04.json,74.82
180019_2024-05.json,91.04
180019_2024-06.json,112.42
180019_2024-07.json,95.76
180019_2024-08.json,112.38
180019_2024-09.json,144.72
180019_2024-10.json,183.12
180019_2024-11.json,178.64
180019_2024-12.json,152.95
180019_2025-01.json,211.47
180019_2025-02.json,201.09
180019_2025-03.json,199.92
180019_2025-04.json,177.62
180019_2025-05.json,120.3
180028_2022-10.json,13.05
180028_2022-11.json,15.49
180028_2022-12.json,18.21
180028_2023-01.json,12.35
180028_2023-02.json,6.34
180028_2023-03.json,59.23
180028_2023-04.json,196.5
180028_2023-05.json,199.67
180028_2023-06.json,115.73
180028_2023-07.json,68.1
180028_2023-08.json,61.97
180028_2023-09.json,4.18
180028_2023-10.json,7.18
180028_2023-11.json,20.76
180028_2023-12.json,20.58
180028_2024-01.json,14.96
180028_2024-02.json,13.79
180028_2024-03.json,9.21
180028_2024-04.json,10.12
180028_2024-05.json,8.75
180028_2024-06.json,7.22
180028_2024-07.json,5.18
180028_2024-08.json,5.93
180028_2024-09.json,9.28
180028_2024-10.json,8.16
180028_2024-11.json,16.48
180028_2024-12.json,14.73
180028_2025-01.json,19.13
180028_2025-02.json,18.08
180028_2025-03.json,24.32
180028_2025-04.json,24.08
180028_2025-05.json,11.34
180037_2022-10.json,24.57
180037_2022-11.json,61.85
180037_2022-12.json,52.12
180037_2023-01.json,88.29
180037_2023-02.json,52.4
180037_2023-03.json,79.25
180037_2023-04.json,70.0
180037_2023-05.json,58.28
180037_2023-06.json,66.07
180037_2023-07.json,57.19
180037_2023-08.json,128.66
180037_2023-09.json,110.51
180037_2023-10.json,96.74
180037_2023-11.json,84.78
180037_2023-12.json,69.61
180037_2024-01.json,80.18
180037_2024-02.json,87.77
180037_2024-03.json,90.65
180037_2024-04.json,81.95
180037_2024-05.json,115.74
180037_2024-06.json,143.87
180037_2024-07.json,155.53
180037_2024-08.json,146.37
180037_2024-09.json,168.85
180037_2024-10.json,203.56
180037_2024-11.json,198.98
180037_2024-12.json,159.13
180037_2025-01.json,186.76
180037_2025-02.json,205.19
180037_2025-03.json,202.83
180037_2025-04.json,191.18
180037_2025-05.json,127.19
180046_2022-10.json,164.18
180046_2022-11.json,237.77
180046_2022-12.json,88.61
180046_2023-01.json,43.67
180046_2023-02.json,33.93
180046_2023-03.json,40.68
180046_2023-04.json,33.09
180046_2023-05.json,32.92
180046_2023-06.json,37.68
180046_2023-07.json,51.25
180046_2023-08.json,179.63
180046_2023-09.json,101.21
180046_2023-10.json,143.05
180046_2023-11.json,148.97
180046_2023-12.json,152.0
180046_2024-01.json,177.47
180046_2024-02.json,245.82
180046_2024-03.json,249.66
180046_2024-04.json,248.07
180046_2024-05.json,221.01
180046_2024-06.json,202.53
180046_2024-07.json,207.14
180046_2024-08.json,183.08
180046_2024-09.json,146.13
180046_2024-10.json,193.76
180046_2024-11.json,199.96
180046_2024-12.json,139.67
180046_2025-01.json,191.36
180046_2025-02.json,199.83
180046_2025-03.json,215.99
180046_2025-04.json,199.98
180046_2025-05.json,154.33
235558_2022-11.json,0.0
235558_2023-01.json,0.84
235558_2023-02.json,0.0
235558_2023-03.json,3.2
235558_2023-04.json,1.25
235558_2023-05.json,4.95
235558_2023-06.json,7.84
235558_2023-07.json,2.05
235558_2023-08.json,7.43
235558_2023-09.json,9.16
235558_2023-10.json,6.88
235558_2023-11.json,8.13
235558_2023-12.json,4.37
235558_2024-01.json,6.03
235558_2024-02.json,5.29
235558_2024-03.json,6.01
235558_2024-04.json,3.45
235558_2024-05.json,4.26
235558_2024-06.json,3.53
235558_2024-07.json,1.67
235558_2024-08.json,4.01
235558_2024-09.json,3.32
235558_2024-10.json,4.49
235558_2024-11.json,4.09
235558_2024-12.json,2.51
235558_2025-01.json,3.72
235558_2025-02.json,3.37
235558_2025-03.json,5.97
235558_2025-04.json,7.44
235558_2025-05.json,4.5
235564_2022-06.json,15.88
235564_2022-07.json,21.24
235564_2022-08.json,55.83
235564_2022-09.json,86.06
235564_2022-10.json,50.44
235564_2022-11.json,24.67
235564_2023-03.json,0.0
235564_2025-02.json,128.83
235564_2025-03.json,142.36
235564_2025-04.json,131.11
235564_2025-05.json,83.22
285405_2023-01.json,0.87
285405_2023-02.json,46.1
285405_2023-03.json,43.62
285405_2023-04.json,31.38
285405_2023-05.json,44.32
285405_2023-06.json,40.1
285405_2023-07.json,12.95
285405_2023-08.json,32.38
285405_2023-09.json,54.7
285405_2023-10.json,52.13
285405_2023-11.json,57.23
285405_2023-12.json,37.58
285405_2024-01.json,43.5
285405_2024-02.json,55.12
285405_2024-03.json,65.6
285405_2024-04.json,67.73
285405_2024-05.json,72.8
285405_2024-06.json,90.08
285405_2024-07.json,28.72
285405_2024-08.json,114.07
285405_2024-09.json,94.02
285405_2024-10.json,64.12
285405_2024-11.json,94.05
285405_2024-12.json,22.33
285405_2025-01.json,25.97
285405_2025-02.json,34.25
285405_2025-03.json,36.15
285405_2025-04.json,51.07
285405_2025-05.json,38.68
285839_2023-02.json,47.68
285839_2023-03.json,61.57
285839_2023-04.json,43.15
285839_2023-05.json,51.47
285839_2023-06.json,49.87
285839_2023-07.json,27.03
285839_2023-08.json,59.3
285839_2023-09.json,50.43
285839_2023-10.json,57.68
285839_2023-11.json,54.98
285839_2023-12.json,45.27
285839_2024-01.json,48.0
285839_2024-02.json,54.35
285839_2024-03.json,49.9
285839_2024-04.json,59.47
285839_2024-05.json,62.13
285839_2024-06.json,65.55
285839_2024-07.json,34.87
285839_2024-08.json,61.62
285839_2024-09.json,60.67
285839_2024-10.json,72.55
285839_2024-11.json,70.95
285839_2024-12.json,63.0
285839_2025-01.json,68.38
285839_2025-02.json,66.85
285839_2025-03.json,65.52
285839_2025-04.json,57.88
285839_2025-05.json,43.45
285840_2023-02.json,97.0
285840_2023-03.json,121.47
285840_2023-04.json,90.73
285840_2023-05.json,111.07
285840_2023-06.json,102.07
285840_2023-07.json,85.42
285840_2023-08.json,121.53
285840_2023-09.json,120.3
285840_2023-10.json,122.08
285840_2023-11.json,129.05
285840_2023-12.json,94.95
285840_2024-01.json,112.57
285840_2024-02.json,142.88
285840_2024-03.json,125.47
285840_2024-04.json,142.33
285840_2024-05.json,158.38
285840_2024-06.json,128.83
285840_2024-07.json,76.73
285840_2024-08.json,129.38
285840_2024-09.json,150.43
285840_2024-10.json,130.75
285840_2024-11.json,119.65
285840_2024-12.json,95.68
285840_2025-01.json,132.23
285840_2025-02.json,134.32
285840_2025-03.json,136.9
285840_2025-04.json,123.82
285840_2025-05.json,84.38
295938_2023-03.json,235.62
295938_2023-04.json,293.68
295938_2023-05.json,338.11
295938_2023-06.json,286.23
295938_2023-07.json,249.82
295938_2023-08.json,274.62
295938_2023-09.json,320.94
295938_2023-10.json,424.47
295938_2023-11.json,333.49
295938_2023-12.json,230.25
295938_2024-01.json,267.23
295938_2024-02.json,200.78
295938_2024-03.json,118.31
295938_2024-04.json,134.91
295938_2024-05.json,192.43
295938_2024-06.json,177.05
295938_2024-07.json,88.63
295938_2024-08.json,184.11
295938_2024-09.json,160.06
295938_2024-10.json,164.82
295938_2024-11.json,182.81
295938_2024-12.json,144.42
295938_2025-01.json,191.45
295938_2025-02.json,154.35
295938_2025-03.json,184.47
295938_2025-04.json,235.09
295938_2025-05.json,164.37
295947_2023-03.json,239.5
295947_2023-04.json,337.15
295947_2023-05.json,392.86
295947_2023-06.json,342.8
295947_2023-07.json,225.71
295947_2023-08.json,281.63
295947_2023-09.json,274.47
295947_2023-10.json,304.41
295947_2023-11.json,325.41
295947_2023-12.json,285.25
295947_2024-01.json,323.83
295947_2024-02.json,314.12
295947_2024-03.json,347.3
295947_2024-04.json,384.84
295947_2024-05.json,437.16
295947_2024-06.json,402.69
295947_2024-07.json,328.38
295947_2024-08.json,367.95
295947_2024-09.json,316.54
295947_2024-10.json,332.4
295947_2024-11.json,317.7
295947_2024-12.json,282.57
295947_2025-01.json,347.0
295947_2025-02.json,375.49
295947_2025-03.json,382.03
295947_2025-04.json,394.65
295947_2025-05.json,267.23
295956_2023-03.json,203.91
295956_2023-04.json,270.69
295956_2023-05.json,292.44
295956_2023-06.json,292.53
295956_2023-07.json,234.46
295956_2023-08.json,266.01
295956_2023-09.json,253.11
295956_2023-10.json,258.0
295956_2023-11.json,267.6
295956_2023-12.json,191.72
295956_2024-01.json,240.43
295956_2024-02.json,267.6
295956_2024-03.json,232.36
295956_2024-04.json,259.97
295956_2024-05.json,265.13
295956_2024-06.json,236.52
295956_2024-07.json,254.32
295956_2024-08.json,230.93
295956_2024-09.json,246.47
295956_2024-10.json,277.15
295956_2024-11.json,238.54
295956_2024-12.json,193.74
295956_2025-01.json,261.42
295956_2025-02.json,233.6
295956_2025-03.json,259.02
295956_2025-04.json,241.22
295956_2025-05.json,167.91
295965_2023-03.json,40.67
295965_2023-04.json,24.08
295965_2023-05.json,56.9
295965_2023-06.json,69.78
295965_2023-07.json,99.71
295965_2023-08.json,75.69
295965_2023-09.json,77.61
295965_2023-10.json,73.24
295965_2023-11.json,56.36
295965_2023-12.json,41.67
295965_2024-01.json,42.19
295965_2024-02.json,28.19
295965_2024-03.json,37.16
295965_2024-04.json,95.06
295965_2024-05.json,66.66
295965_2024-06.json,74.8
295965_2024-07.json,33.8
295965_2024-08.json,33.86
295965_2024-09.json,99.65
295965_2024-10.json,83.82
295965_2024-11.json,56.24
295965_2024-12.json,42.47
295965_2025-01.json,53.82
295965_2025-02.json,48.65
295965_2025-03.json,46.52
295965_2025-04.json,11.15
295965_2025-05.json,28.46
295974_2023-03.json,108.01
295974_2023-04.json,203.0
295974_2023-05.json,181.33
295974_2023-06.json,108.74
295974_2023-07.json,85.75
295974_2023-08.json,112.54
295974_2023-09.json,143.82
295974_2023-10.json,137.87
295974_2023-11.json,117.63
295974_2023-12.json,35.07
295974_2024-01.json,117.96
295974_2024-02.json,117.54
295974_2024-03.json,84.44
295974_2024-04.json,56.1
295974_2024-05.json,65.51
295974_2024-06.json,45.33
295974_2024-07.json,181.59
295974_2024-08.json,186.09
295974_2024-09.json,11.27
295974_2024-10.json,10.39
295974_2024-11.json,9.22
295974_2024-12.json,13.92
295974_2025-01.json,212.19
295974_2025-02.json,207.86
295974_2025-03.json,203.91
295974_2025-04.json,209.97
295974_2025-05.json,156.31
363229_2023-06.json,44.22
363229_2023-07.json,11.57
363229_2023-08.json,7.19
363229_2023-09.json,72.46
363229_2023-10.json,70.53
363229_2023-11.json,93.14
363229_2023-12.json,55.19
363229_2024-01.json,89.36
363229_2024-02.json,152.23
363229_2024-03.json,152.38
363229_2024-04.json,183.56
363229_2024-05.json,177.5
363229_2024-06.json,164.76
363229_2024-07.json,191.1
363229_2024-08.json,182.8
363229_2024-09.json,145.98
363229_2024-10.json,190.95
363229_2024-11.json,200.62
363229_2024-12.json,132.78
363229_2025-01.json,188.63
363229_2025-02.json,200.42
363229_2025-03.json,219.56
363229_2025-04.json,201.88
363229_2025-05.json,161.8
363239_2023-06.json,173.63
363239_2023-07.json,141.25
363239_2023-08.json,192.89
363239_2023-09.json,183.06
363239_2023-10.json,176.45
363239_2023-11.json,162.52
363239_2023-12.json,157.43
363239_2024-01.json,157.69
363239_2024-02.json,128.51
363239_2024-03.json,111.24
363239_2024-04.json,128.97
363239_2024-05.json,108.46
363239_2024-06.json,112.04
363239_2024-07.json,84.96
363239_2024-08.json,76.43
363239_2024-09.json,90.45
363239_2024-10.json,100.55
363239_2024-11.json,161.58
363239_2024-12.json,157.81
363239_2025-01.json,142.86
363239_2025-02.json,99.89
363239_2025-03.json,187.01
363239_2025-04.json,114.49
363239_2025-05.json,86.18
363249_2023-04.json,0.0
363249_2023-06.json,185.32
363249_2023-07.json,164.73
363249_2023-08.json,227.08
363249_2023-09.json,230.39
363249_2023-10.json,253.02
363249_2023-11.json,213.28
363249_2023-12.json,174.97
363249_2024-01.json,181.04
363249_2024-02.json,186.89
363249_2024-03.json,193.54
363249_2024-04.json,243.99
363249_2024-05.json,263.56
363249_2024-06.json,272.59
363249_2024-07.json,180.49
363249_2024-08.json,182.03
363249_2024-09.json,204.75
363249_2024-10.json,230.64
363249_2024-11.json,255.38
363249_2024-12.json,233.58
363249_2025-01.json,215.91
363249_2025-02.json,210.7
363249_2025-03.json,259.23
363249_2025-04.json,178.66
363249_2025-05.json,165.26
363259_2023-06.json,282.96
363259_2023-07.json,92.67
363259_2023-08.json,305.87
363259_2023-09.json,312.5
363259_2023-10.json,344.81
363259_2023-11.json,521.55
363259_2023-12.json,466.64
363259_2024-01.json,401.25
363259_2024-02.json,277.25
363259_2024-03.json,287.73
363259_2024-04.json,345.24
363259_2024-05.json,316.24
363259_2024-06.json,297.13
363259_2024-07.json,122.93
363259_2024-08.json,317.54
363259_2024-09.json,387.55
363259_2024-10.json,371.9
363259_2024-11.json,365.47
363259_2024-12.json,299.45
363259_2025-01.json,343.78
363259_2025-02.json,308.21
363259_2025-03.json,321.83
363259_2025-04.json,358.68
363259_2025-05.json,288.55
363273_2023-04.json,0.0
363273_2023-06.json,264.25
363273_2023-07.json,244.41
363273_2023-08.json,304.48
363273_2023-09.json,253.59
363273_2023-10.json,197.14
363273_2023-11.json,165.19
363273_2023-12.json,140.64
363273_2024-01.json,176.96
363273_2024-02.json,151.11
363273_2024-03.json,109.22
363273_2024-04.json,142.64
363273_2024-05.json,144.8
363273_2024-06.json,146.14
363273_2024-07.json,82.93
363273_2024-08.json,104.03
363273_2024-09.json,146.78
363273_2024-10.json,138.37
363273_2024-11.json,101.13
363273_2024-12.json,61.95
363273_2025-01.json,100.38
363273_2025-02.json,63.19
363273_2025-03.json,85.4
363273_2025-04.json,72.69
363273_2025-05.json,48.14
688099_2023-09.json,166.49
688099_2023-10.json,63.17
688099_2023-11.json,84.47
688099_2023-12.json,88.47
688099_2024-01.json,97.62
688099_2024-02.json,91.82
688099_2024-03.json,36.23
688099_2024-04.json,30.25
688099_2024-05.json,18.19
688099_2024-06.json,35.45
688099_2024-07.json,13.35
688099_2024-08.json,10.63
688099_2024-09.json,31.66
688099_2024-10.json,13.08
688099_2024-11.json,116.7
688099_2024-12.json,91.05
688099_2025-01.json,104.83
688099_2025-02.json,92.31
688099_2025-03.json,143.63
688099_2025-04.json,82.3
688099_2025-05.json,80.77
688816_2023-09.json,104.95
688816_2023-10.json,179.18
688816_2023-11.json,190.61
688816_2023-12.json,105.49
688816_2024-01.json,50.78
688816_2024-02.json,151.19
688816_2024-03.json,92.55
688816_2024-04.json,115.75
688816_2024-05.json,122.59
688816_2024-06.json,115.64
688816_2024-07.json,41.35
688816_2024-08.json,21.92
688816_2024-09.json,106.18
688816_2024-10.json,90.18
688816_2024-11.json,182.06
688816_2024-12.json,109.54
688816_2025-01.json,98.36
688816_2025-02.json,98.85
688816_2025-03.json,131.52
688816_2025-04.json,132.68
688816_2025-05.json,108.41
847161_2024-05.json,45.77
847161_2024-06.json,144.3
847161_2024-07.json,40.66
847161_2024-08.json,91.39
847161_2024-09.json,139.3
847161_2024-10.json,168.45
847161_2024-11.json,164.87
847161_2024-12.json,137.48
847161_2025-01.json,149.45
847161_2025-02.json,138.37
847161_2025-03.json,140.33
847161_2025-04.json,167.51
847161_2025-05.json,108.14
